{
"advancing": 3862,
"declining": 2041,
"advancing_vol": 408255930568.6,
"declining_vol": 161933957372.7,
"highs_52w": 291,
"lows_52w": 60,
"highs_20d": 6268,
"highs_20d_pct": 0.9898926089703095,
"lows_20d": 6268,
"above_20": 0.5360075805432722,
"above_50": 0.4308275426405559,
"above_200": 0.48894504106127606,
"trend_short": 0.3425457991156033,
"trend_medium": 0.5514845230574857,
"trend_long": 0.5617498420720152,
"total": 6332
}